Sample,TopographyRegion
FDZ052-BYSed,Mariana-Central-Axis
FDZ062-GRRNsHhw,Mariana-Southern-Slope
FDZ064-BuG10-12,Mariana-Northern-Slope
FDZ069-BaYG-BaYR0-2,Mariana-Southern-Slope
FDZ069-BaYG-BaYR12-14,Mariana-Southern-Slope
FDZ069-BaYG-BaYR2-4,Mariana-Southern-Slope
FDZ069-BaYG-BaYR4-6,Mariana-Southern-Slope
FDZ069-BaYG-BaYR6-8,Mariana-Southern-Slope
FDZ069-BaYG-BaYR8-10,Mariana-Southern-Slope
FDZ070-GBkYWu,Mariana-Central-Axis
FDZ071-BuBuG14-16,Mariana-Northern-Slope
FDZ072-GBeBeWu,Mariana-Southern-Slope
FDZ072-GRR8-10-26,Mariana-Southern-Slope
FDZ076-Wu22-24,Mariana-Northern-Slope
FDZ077-WuWW12-14,Mariana-Central-Axis
FDZ050-Be0-2,Mariana-Central-Axis
FDZ050-Be12-14,Mariana-Central-Axis
FDZ050-Be14-16,Mariana-Central-Axis
FDZ050-Be16-18,Mariana-Central-Axis
FDZ050-Be18-21,Mariana-Central-Axis
FDZ050-Be2-4,Mariana-Central-Axis
FDZ050-Be6-8,Mariana-Central-Axis
FDZ050-Bk0-2,Mariana-Central-Axis
FDZ050-Bk2-4,Mariana-Central-Axis
FDZ050-Bk4-6,Mariana-Central-Axis
FDZ050-Bk6-8,Mariana-Central-Axis
FDZ050-Bk8-9,Mariana-Central-Axis
FDZ050-RBk0-2,Mariana-Central-Axis
FDZ050-RBk10-12,Mariana-Central-Axis
FDZ050-RBk12-14,Mariana-Central-Axis
FDZ050-RBk14-16,Mariana-Central-Axis
FDZ050-RBk16-18,Mariana-Central-Axis
FDZ050-RBk18-20,Mariana-Central-Axis
FDZ050-RBk2-4,Mariana-Central-Axis
FDZ050-RBk20-22,Mariana-Central-Axis
FDZ050-RBk22-24,Mariana-Central-Axis
FDZ050-RBk24-26,Mariana-Central-Axis
FDZ050-RBk26-28,Mariana-Central-Axis
FDZ050-RBk28-30,Mariana-Central-Axis
FDZ050-RBk4-6,Mariana-Central-Axis
FDZ050-RBk6-8,Mariana-Central-Axis
FDZ050-RBk8-10,Mariana-Central-Axis
FDZ051-Be0-2,Mariana-Central-Axis
FDZ051-Be10-12,Mariana-Central-Axis
FDZ051-Be12-14,Mariana-Central-Axis
FDZ051-Be14-16,Mariana-Central-Axis
FDZ051-Be16-18,Mariana-Central-Axis
FDZ051-Be18-20,Mariana-Central-Axis
FDZ051-Be2-4,Mariana-Central-Axis
FDZ051-Be20-22,Mariana-Central-Axis
FDZ051-Be22-24,Mariana-Central-Axis
FDZ051-Be4-6,Mariana-Central-Axis
FDZ051-Be6-8,Mariana-Central-Axis
FDZ051-Be8-10,Mariana-Central-Axis
FDZ052-G0-2,Mariana-Central-Axis
FDZ052-G10-12,Mariana-Central-Axis
FDZ052-G12-15,Mariana-Central-Axis
FDZ052-G2-4,Mariana-Central-Axis
FDZ052-G4-6,Mariana-Central-Axis
FDZ052-G6-8,Mariana-Central-Axis
FDZ052-G8-10,Mariana-Central-Axis
FDZ053-N0-2,Mariana-Central-Axis
FDZ053-N10-12,Mariana-Central-Axis
FDZ053-N14-16,Mariana-Central-Axis
FDZ053-N16-18,Mariana-Central-Axis
FDZ053-N2-4,Mariana-Central-Axis
FDZ053-N20-22,Mariana-Central-Axis
FDZ053-N22-24,Mariana-Central-Axis
FDZ053-N24-26,Mariana-Central-Axis
FDZ053-N26-29,Mariana-Central-Axis
FDZ053-N4-6,Mariana-Central-Axis
FDZ053-N6-8,Mariana-Central-Axis
FDZ053-N8-10,Mariana-Central-Axis
FDZ053-RBk0-2,Mariana-Central-Axis
FDZ053-RBk10-12,Mariana-Central-Axis
FDZ053-RBk12-14,Mariana-Central-Axis
FDZ053-RBk14-16,Mariana-Central-Axis
FDZ053-RBk16-18,Mariana-Central-Axis
FDZ053-RBk18-20,Mariana-Central-Axis
FDZ053-RBk2-4,Mariana-Central-Axis
FDZ053-RBk20-22,Mariana-Central-Axis
FDZ053-RBk22-25,Mariana-Central-Axis
FDZ053-RBk4-6,Mariana-Central-Axis
FDZ053-RBk6-8,Mariana-Central-Axis
FDZ053-RBk8-10,Mariana-Central-Axis
FDZ054-Be0-2,Mariana-Southern-Slope
FDZ054-Be10-12,Mariana-Southern-Slope
FDZ054-Be14-16,Mariana-Southern-Slope
FDZ054-Be16-18,Mariana-Southern-Slope
FDZ054-Be2-4,Mariana-Southern-Slope
FDZ054-Be20-22,Mariana-Southern-Slope
FDZ054-Be22-24,Mariana-Southern-Slope
FDZ054-Be26-28,Mariana-Southern-Slope
FDZ054-Be28-30,Mariana-Southern-Slope
FDZ054-Be30-32,Mariana-Southern-Slope
FDZ054-Be32-34,Mariana-Southern-Slope
FDZ054-Be4-6,Mariana-Southern-Slope
FDZ054-Be6-8,Mariana-Southern-Slope
FDZ054-Be8-10,Mariana-Southern-Slope
FDZ054-RG0-2,Mariana-Southern-Slope
FDZ054-RG10-12,Mariana-Southern-Slope
FDZ054-RG12-14,Mariana-Southern-Slope
FDZ054-RG14-16,Mariana-Southern-Slope
FDZ054-RG18-20,Mariana-Southern-Slope
FDZ054-RG2-4,Mariana-Southern-Slope
FDZ054-RG20-22,Mariana-Southern-Slope
FDZ054-RG26-28,Mariana-Southern-Slope
FDZ054-RG28-30,Mariana-Southern-Slope
FDZ054-RG30-32,Mariana-Southern-Slope
FDZ054-RG4-6,Mariana-Southern-Slope
FDZ054-RG8-10,Mariana-Southern-Slope
FDZ056-Be0-2,Mariana-Southern-Slope
FDZ056-Be12-14,Mariana-Southern-Slope
FDZ056-Be14-16,Mariana-Southern-Slope
FDZ056-Be16-18,Mariana-Southern-Slope
FDZ056-Be2-4,Mariana-Southern-Slope
FDZ056-Be20-22,Mariana-Southern-Slope
FDZ056-Be22-24,Mariana-Southern-Slope
FDZ056-Be4-6,Mariana-Southern-Slope
FDZ056-Be6-8,Mariana-Southern-Slope
FDZ056-Be8-10,Mariana-Southern-Slope
FDZ058-Be0-2,Mariana-Central-Axis
FDZ058-Be10-12,Mariana-Central-Axis
FDZ058-Be12-14,Mariana-Central-Axis
FDZ058-Be14-16,Mariana-Central-Axis
FDZ058-Be16-18,Mariana-Central-Axis
FDZ058-Be18-20,Mariana-Central-Axis
FDZ058-Be2-4,Mariana-Central-Axis
FDZ058-Be4-6,Mariana-Central-Axis
FDZ058-Be6-8,Mariana-Central-Axis
FDZ058-Be8-10,Mariana-Central-Axis
FDZ061-WW0-2,Mariana-Central-Axis
FDZ061-WW10-12,Mariana-Central-Axis
FDZ061-WW12-14,Mariana-Central-Axis
FDZ061-WW14-16,Mariana-Central-Axis
FDZ061-WW16-18,Mariana-Central-Axis
FDZ061-WW18-20,Mariana-Central-Axis
FDZ061-WW2-4,Mariana-Central-Axis
FDZ061-WW20-22,Mariana-Central-Axis
FDZ061-WW22-24,Mariana-Central-Axis
FDZ061-WW24-26,Mariana-Central-Axis
FDZ061-WW26-28,Mariana-Central-Axis
FDZ061-WW28-30,Mariana-Central-Axis
FDZ061-WW30-32,Mariana-Central-Axis
FDZ061-WW32-34,Mariana-Central-Axis
FDZ061-WW4-6,Mariana-Central-Axis
FDZ061-WW6-8,Mariana-Central-Axis
FDZ061-WW8-10,Mariana-Central-Axis
FDZ062-GYBe0-2,Mariana-Southern-Slope
FDZ062-GYBe10-12,Mariana-Southern-Slope
FDZ062-GYBe14-16,Mariana-Southern-Slope
FDZ062-GYBe2-4,Mariana-Southern-Slope
FDZ062-GYBe20-22,Mariana-Southern-Slope
FDZ062-GYBe26-28,Mariana-Southern-Slope
FDZ062-GYBe28-30,Mariana-Southern-Slope
FDZ062-GYBe6-8,Mariana-Southern-Slope
FDZ062-GYBe8-10,Mariana-Southern-Slope
FDZ062-GYBk0-2,Mariana-Southern-Slope
FDZ062-GYBk2-4,Mariana-Southern-Slope
FDZ062-GYBk28-30,Mariana-Southern-Slope
FDZ062-GYBk4-6,Mariana-Southern-Slope
FDZ062-GYBk8-10,Mariana-Southern-Slope
FDZ062-RGG-WuYW-Ns-NsHhw,Mariana-Southern-Slope
FDZ062-RRR0-2,Mariana-Southern-Slope
FDZ062-RRR10-12,Mariana-Southern-Slope
FDZ062-RRR12-14,Mariana-Southern-Slope
FDZ062-RRR14-16,Mariana-Southern-Slope
FDZ062-RRR16-18,Mariana-Southern-Slope
FDZ062-RRR18-20,Mariana-Southern-Slope
FDZ062-RRR2-4,Mariana-Southern-Slope
FDZ062-RRR20-22,Mariana-Southern-Slope
FDZ062-RRR22-24,Mariana-Southern-Slope
FDZ062-RRR24-26,Mariana-Southern-Slope
FDZ062-RRR26-28,Mariana-Southern-Slope
FDZ062-RRR28-30,Mariana-Southern-Slope
FDZ062-RRR30-32,Mariana-Southern-Slope
FDZ062-RRR32-34,Mariana-Southern-Slope
FDZ062-RRR34-36,Mariana-Southern-Slope
FDZ062-RRR4-6,Mariana-Southern-Slope
FDZ062-RRR6-8,Mariana-Southern-Slope
FDZ062-RRR8-10,Mariana-Southern-Slope
FDZ062-WuWR0-2,Mariana-Southern-Slope
FDZ062-WuWR14-16,Mariana-Southern-Slope
FDZ062-WuWR18-20,Mariana-Southern-Slope
FDZ062-WuWR2-4,Mariana-Southern-Slope
FDZ062-WuWR4-6,Mariana-Southern-Slope
FDZ062-WuWR6-8,Mariana-Southern-Slope
FDZ062-WuWW0-2,Mariana-Southern-Slope
FDZ062-WuWW10-12,Mariana-Southern-Slope
FDZ062-WuWW14-16,Mariana-Southern-Slope
FDZ062-WuWW16-18,Mariana-Southern-Slope
FDZ062-WuWW18-20,Mariana-Southern-Slope
FDZ062-WuWW2-4,Mariana-Southern-Slope
FDZ062-WuWW22-24,Mariana-Southern-Slope
FDZ062-WuWW24-26,Mariana-Southern-Slope
FDZ062-WuWW30-32,Mariana-Southern-Slope
FDZ062-WuWW4-6,Mariana-Southern-Slope
FDZ062-WuWW6-8,Mariana-Southern-Slope
FDZ062-WuWW8-10,Mariana-Southern-Slope
FDZ062-WuYG-Ns,Mariana-Southern-Slope
FDZ062-WuYW0-2,Mariana-Southern-Slope
FDZ062-WuYW10-12,Mariana-Southern-Slope
FDZ062-WuYW14-16,Mariana-Southern-Slope
FDZ062-WuYW16-18,Mariana-Southern-Slope
FDZ062-WuYW18-20,Mariana-Southern-Slope
FDZ062-WuYW2-4,Mariana-Southern-Slope
FDZ062-WuYW26-28,Mariana-Southern-Slope
FDZ062-WuYW28-30,Mariana-Southern-Slope
FDZ063-WW0-2,Mariana-Central-Axis
FDZ063-WW2-4,Mariana-Central-Axis
FDZ063-WW4-6,Mariana-Central-Axis
FDZ063-YBkR0-2,Mariana-Central-Axis
FDZ063-YBkR10-12,Mariana-Central-Axis
FDZ063-YBkR14-16-W-W,Mariana-Central-Axis
FDZ063-YBkR2-4,Mariana-Central-Axis
FDZ063-YBkR4-6,Mariana-Central-Axis
FDZ063-YBkR6-8,Mariana-Central-Axis
FDZ064-BaGW0-2,Mariana-Northern-Slope
FDZ064-BaGW12-14,Mariana-Northern-Slope
FDZ064-BaGW6-8,Mariana-Northern-Slope
FDZ064-BuG0-2,Mariana-Northern-Slope
FDZ064-BuG14-16,Mariana-Northern-Slope
FDZ064-BuG16-18,Mariana-Northern-Slope
FDZ064-BuG18-20,Mariana-Northern-Slope
FDZ064-BuG2-4,Mariana-Northern-Slope
FDZ064-BuG4-6,Mariana-Northern-Slope
FDZ064-BuG6-8,Mariana-Northern-Slope
FDZ064-BuG8-10,Mariana-Northern-Slope
FDZ064-GR0-2,Mariana-Northern-Slope
FDZ064-GR12-14,Mariana-Northern-Slope
FDZ064-GR14-16,Mariana-Northern-Slope
FDZ064-GR16-18,Mariana-Northern-Slope
FDZ064-GR6-8,Mariana-Northern-Slope
FDZ064-GR8-10,Mariana-Northern-Slope
FDZ064-RRG10-12,Mariana-Northern-Slope
FDZ064-RRG12-14,Mariana-Northern-Slope
FDZ064-RRG2-4,Mariana-Northern-Slope
FDZ064-RRG4-6,Mariana-Northern-Slope
FDZ064-RRG6-8,Mariana-Northern-Slope
FDZ064-RRG8-10,Mariana-Northern-Slope
FDZ064-RWG0-2,Mariana-Northern-Slope
FDZ064-RWG10-12,Mariana-Northern-Slope
FDZ064-RWG12-14,Mariana-Northern-Slope
FDZ064-RWG18-20,Mariana-Northern-Slope
FDZ064-RWG2-4,Mariana-Northern-Slope
FDZ064-RWG20-22,Mariana-Northern-Slope
FDZ064-RWG22-24,Mariana-Northern-Slope
FDZ064-RWG4-6,Mariana-Northern-Slope
FDZ064-RWG6-8,Mariana-Northern-Slope
FDZ064-RWG8-10,Mariana-Northern-Slope
FDZ064-YGR0-2,Mariana-Northern-Slope
FDZ064-YGR10-12,Mariana-Northern-Slope
FDZ064-YGR2-4,Mariana-Northern-Slope
FDZ064-YGR4-6,Mariana-Northern-Slope
FDZ064-YGR6-8,Mariana-Northern-Slope
FDZ064-YGR8-10,Mariana-Northern-Slope
FDZ066-BUG0-2,Mariana-Southern-Slope
FDZ066-BUG10-12,Mariana-Southern-Slope
FDZ066-BUG18-20,Mariana-Southern-Slope
FDZ066-BUG2-4,Mariana-Southern-Slope
FDZ066-BUG28-30,Mariana-Southern-Slope
FDZ066-BUG32-34,Mariana-Southern-Slope
FDZ066-BUG4-6,Mariana-Southern-Slope
FDZ066-BUG6-8,Mariana-Southern-Slope
FDZ066-BaYG10-12,Mariana-Southern-Slope
FDZ066-BawG0-2,Mariana-Southern-Slope
FDZ066-BawG10-12,Mariana-Southern-Slope
FDZ066-BawG12-14,Mariana-Southern-Slope
FDZ066-BawG16-18,Mariana-Southern-Slope
FDZ066-BawG2-4,Mariana-Southern-Slope
FDZ066-BawG20-22,Mariana-Southern-Slope
FDZ066-BawG26-28,Mariana-Southern-Slope
FDZ066-BawG4-6,Mariana-Southern-Slope
FDZ066-BawG6-8,Mariana-Southern-Slope
FDZ066-YBuR0-2,Mariana-Southern-Slope
FDZ066-YBuR10-12,Mariana-Southern-Slope
FDZ066-YBuR16-18,Mariana-Southern-Slope
FDZ066-YBuR18-20,Mariana-Southern-Slope
FDZ066-YBuR2-4,Mariana-Southern-Slope
FDZ066-YBuR20-22,Mariana-Southern-Slope
FDZ066-YBuR22-24,Mariana-Southern-Slope
FDZ066-YBuR4-6,Mariana-Southern-Slope
FDZ066-YBuR6-8,Mariana-Southern-Slope
FDZ066-YBuR8-10,Mariana-Southern-Slope
FDZ066-YRBa0-2,Mariana-Southern-Slope
FDZ066-YRBa18-20,Mariana-Southern-Slope
FDZ066-YRBa2-4,Mariana-Southern-Slope
FDZ066-ww0-2,Mariana-Southern-Slope
FDZ066-ww10-12,Mariana-Southern-Slope
FDZ066-ww12-14,Mariana-Southern-Slope
FDZ066-ww18-20,Mariana-Southern-Slope
FDZ066-ww2-4,Mariana-Southern-Slope
FDZ066-ww8-10,Mariana-Southern-Slope
FDZ069-GBeBe0-2,Mariana-Southern-Slope
FDZ069-GBeBe10-12,Mariana-Southern-Slope
FDZ069-GBeBe12-14,Mariana-Southern-Slope
FDZ069-GBeBe14-16,Mariana-Southern-Slope
FDZ069-GBeBe16-18,Mariana-Southern-Slope
FDZ069-GBeBe18-20,Mariana-Southern-Slope
FDZ069-GBeBe2-4,Mariana-Southern-Slope
FDZ069-GBeBe20-22,Mariana-Southern-Slope
FDZ069-GBeBe22-24,Mariana-Southern-Slope
FDZ069-GBeBe24-26,Mariana-Southern-Slope
FDZ069-GBeBe26-28,Mariana-Southern-Slope
FDZ069-GBeBe28-30,Mariana-Southern-Slope
FDZ069-GBeBe30-34,Mariana-Southern-Slope
FDZ069-GBeBe4-6,Mariana-Southern-Slope
FDZ069-GBeBe6-8,Mariana-Southern-Slope
FDZ069-GBeBe8-10,Mariana-Southern-Slope
FDZ069-GRR0-2,Mariana-Southern-Slope
FDZ069-GRR10-12,Mariana-Southern-Slope
FDZ069-GRR12-14,Mariana-Southern-Slope
FDZ069-GRR14-16,Mariana-Southern-Slope
FDZ069-GRR16-18,Mariana-Southern-Slope
FDZ069-GRR18-20,Mariana-Southern-Slope
FDZ069-GRR2-4,Mariana-Southern-Slope
FDZ069-GRR20-22,Mariana-Southern-Slope
FDZ069-GRR22-24,Mariana-Southern-Slope
FDZ069-GRR24-26,Mariana-Southern-Slope
FDZ069-GRR4-6,Mariana-Southern-Slope
FDZ069-GRR6-8,Mariana-Southern-Slope
FDZ069-GRR8-10,Mariana-Southern-Slope
FDZ069-R30-2,Mariana-Southern-Slope
FDZ069-R32-4,Mariana-Southern-Slope
FDZ069-R34-6,Mariana-Southern-Slope
FDZ069-R36-8,Mariana-Southern-Slope
FDZ069-R38-10,Mariana-Southern-Slope
FDZ069-RBkY0-2,Mariana-Southern-Slope
FDZ069-RBkY10-12,Mariana-Southern-Slope
FDZ069-RBkY18-20,Mariana-Southern-Slope
FDZ069-RBkY2-4,Mariana-Southern-Slope
FDZ069-RBkY20-22,Mariana-Southern-Slope
FDZ069-RBkY4-6,Mariana-Southern-Slope
FDZ069-RBkY6-8,Mariana-Southern-Slope
FDZ069-RBkY8-10,Mariana-Southern-Slope
FDZ069-RGG10-12,Mariana-Southern-Slope
FDZ069-RGG12-14,Mariana-Southern-Slope
FDZ069-RGG16-18,Mariana-Southern-Slope
FDZ069-RGG2-4,Mariana-Southern-Slope
FDZ069-RGG24-26,Mariana-Southern-Slope
FDZ069-RGG4-6,Mariana-Southern-Slope
FDZ069-RGG6-8,Mariana-Southern-Slope
FDZ069-RGG8-10,Mariana-Southern-Slope
FDZ069-RGY0-2,Mariana-Southern-Slope
FDZ069-RGY10-12,Mariana-Southern-Slope
FDZ069-RGY12-14,Mariana-Southern-Slope
FDZ069-RGY14-16,Mariana-Southern-Slope
FDZ069-RGY16-18,Mariana-Southern-Slope
FDZ069-RGY18-20,Mariana-Southern-Slope
FDZ069-RGY2-4,Mariana-Southern-Slope
FDZ069-RGY20-22,Mariana-Southern-Slope
FDZ069-RGY22-24,Mariana-Southern-Slope
FDZ069-RGY24-26,Mariana-Southern-Slope
FDZ069-RGY26-28,Mariana-Southern-Slope
FDZ069-RGY4-6,Mariana-Southern-Slope
FDZ069-RGY6-8,Mariana-Southern-Slope
FDZ069-RGY8-10,Mariana-Southern-Slope
FDZ069-WuBeBe0-2,Mariana-Southern-Slope
FDZ069-WuBeBe2-4,Mariana-Southern-Slope
FDZ069-WuBeBe20-22,Mariana-Southern-Slope
FDZ069-WuWW0-2,Mariana-Southern-Slope
FDZ069-WuWW12-14,Mariana-Southern-Slope
FDZ069-WuWW14-16,Mariana-Southern-Slope
FDZ069-WuWW16-18,Mariana-Southern-Slope
FDZ069-WuWW2-4,Mariana-Southern-Slope
FDZ069-WuWW4-6,Mariana-Southern-Slope
FDZ069-WuWW6-8,Mariana-Southern-Slope
FDZ069-WuWW8-10,Mariana-Southern-Slope
FDZ069-WuWuWu0-2,Mariana-Southern-Slope
FDZ069-WuWuWu10-12,Mariana-Southern-Slope
FDZ069-WuWuWu12-14,Mariana-Southern-Slope
FDZ069-WuWuWu14-16,Mariana-Southern-Slope
FDZ069-WuWuWu16-18,Mariana-Southern-Slope
FDZ069-WuWuWu18-20,Mariana-Southern-Slope
FDZ069-WuWuWu2-4,Mariana-Southern-Slope
FDZ069-WuWuWu20-23,Mariana-Southern-Slope
FDZ069-WuWuWu4-6,Mariana-Southern-Slope
FDZ069-WuWuWu6-8,Mariana-Southern-Slope
FDZ069-WuWuWu8-10,Mariana-Southern-Slope
FDZ070-GBeBe0-2,Mariana-Central-Axis
FDZ070-GBeBe10-12,Mariana-Central-Axis
FDZ070-GBeBe12-14,Mariana-Central-Axis
FDZ070-GBeBe14-16,Mariana-Central-Axis
FDZ070-GBeBe16-18,Mariana-Central-Axis
FDZ070-GBeBe18-20,Mariana-Central-Axis
FDZ070-GBeBe2-4,Mariana-Central-Axis
FDZ070-GBeBe20-22,Mariana-Central-Axis
FDZ070-GBeBe22-24,Mariana-Central-Axis
FDZ070-GBeBe24-26,Mariana-Central-Axis
FDZ070-GBeBe26-28,Mariana-Central-Axis
FDZ070-GBeBe28-30,Mariana-Central-Axis
FDZ070-GBeBe32-34,Mariana-Central-Axis
FDZ070-GBeBe4-6,Mariana-Central-Axis
FDZ070-GBeBe6-8,Mariana-Central-Axis
FDZ070-GBeBe8-10,Mariana-Central-Axis
FDZ070-GBkY0-2,Mariana-Central-Axis
FDZ070-GBkY10-12,Mariana-Central-Axis
FDZ070-GBkY12-14,Mariana-Central-Axis
FDZ070-GBkY14-16,Mariana-Central-Axis
FDZ070-GBkY16-18,Mariana-Central-Axis
FDZ070-GBkY2-4,Mariana-Central-Axis
FDZ070-GBkY20-22,Mariana-Central-Axis
FDZ070-GBkY22-24,Mariana-Central-Axis
FDZ070-GBkY24-26,Mariana-Central-Axis
FDZ070-GBkY26-28,Mariana-Central-Axis
FDZ070-GBkY28-30,Mariana-Central-Axis
FDZ070-GBkY30-33,Mariana-Central-Axis
FDZ070-GBkY4-6,Mariana-Central-Axis
FDZ070-GBkY6-8,Mariana-Central-Axis
FDZ070-GBkY8-10,Mariana-Central-Axis
FDZ070-RYBk0-2,Mariana-Central-Axis
FDZ070-RYBk10-12,Mariana-Central-Axis
FDZ070-RYBk12-14,Mariana-Central-Axis
FDZ070-RYBk14-16,Mariana-Central-Axis
FDZ070-RYBk16-18,Mariana-Central-Axis
FDZ070-RYBk18-20,Mariana-Central-Axis
FDZ070-RYBk2-4,Mariana-Central-Axis
FDZ070-RYBk20-22,Mariana-Central-Axis
FDZ070-RYBk22-24,Mariana-Central-Axis
FDZ070-RYBk24-26,Mariana-Central-Axis
FDZ070-RYBk4-6,Mariana-Central-Axis
FDZ070-RYBk6-8,Mariana-Central-Axis
FDZ070-RYBk8-10,Mariana-Central-Axis
FDZ070-WuBeBe0-2,Mariana-Central-Axis
FDZ070-WuBeBe10-12,Mariana-Central-Axis
FDZ070-WuBeBe12-14,Mariana-Central-Axis
FDZ070-WuBeBe14-16,Mariana-Central-Axis
FDZ070-WuBeBe16-18,Mariana-Central-Axis
FDZ070-WuBeBe18-20,Mariana-Central-Axis
FDZ070-WuBeBe2-4,Mariana-Central-Axis
FDZ070-WuBeBe20-23,Mariana-Central-Axis
FDZ070-WuBeBe4-6,Mariana-Central-Axis
FDZ070-WuBeBe6-8,Mariana-Central-Axis
FDZ070-WuBeBe8-10,Mariana-Central-Axis
FDZ070-WuRG0-2,Mariana-Central-Axis
FDZ070-WuRG10-12,Mariana-Central-Axis
FDZ070-WuRG12-14,Mariana-Central-Axis
FDZ070-WuRG14-16,Mariana-Central-Axis
FDZ070-WuRG2-4,Mariana-Central-Axis
FDZ070-WuRG4-6,Mariana-Central-Axis
FDZ070-WuRG6-8,Mariana-Central-Axis
FDZ070-WuRG8-10,Mariana-Central-Axis
FDZ070-WuWW0-2,Mariana-Central-Axis
FDZ070-WuWW10-12,Mariana-Central-Axis
FDZ070-WuWW12-14,Mariana-Central-Axis
FDZ070-WuWW14-16,Mariana-Central-Axis
FDZ070-WuWW2-4,Mariana-Central-Axis
FDZ070-WuWW20-22,Mariana-Central-Axis
FDZ070-WuWW4-6,Mariana-Central-Axis
FDZ070-WuWW6-8,Mariana-Central-Axis
FDZ070-WuWW8-10,Mariana-Central-Axis
FDZ070-WuWY0-2,Mariana-Central-Axis
FDZ070-WuWY10-12,Mariana-Central-Axis
FDZ070-WuWY12-14,Mariana-Central-Axis
FDZ070-WuWY14-16,Mariana-Central-Axis
FDZ070-WuWY16-18,Mariana-Central-Axis
FDZ070-WuWY18-20,Mariana-Central-Axis
FDZ070-WuWY2-4,Mariana-Central-Axis
FDZ070-WuWY20-22,Mariana-Central-Axis
FDZ070-WuWY24-26,Mariana-Central-Axis
FDZ070-WuWY28-30,Mariana-Central-Axis
FDZ070-WuWY4-6,Mariana-Central-Axis
FDZ070-WuWY6-8,Mariana-Central-Axis
FDZ070-WuWY8-10,Mariana-Central-Axis
FDZ071-BaYG0-2,Mariana-Northern-Slope
FDZ071-BaYG10-12,Mariana-Northern-Slope
FDZ071-BaYG14-16,Mariana-Northern-Slope
FDZ071-BaYG2-4,Mariana-Northern-Slope
FDZ071-BaYG4-6,Mariana-Northern-Slope
FDZ071-BaYG6-8,Mariana-Northern-Slope
FDZ071-BaYR0-2,Mariana-Northern-Slope
FDZ071-BaYR2-4,Mariana-Northern-Slope
FDZ071-BaYR4-6,Mariana-Northern-Slope
FDZ071-BaYR6-8,Mariana-Northern-Slope
FDZ071-BaYR8-10,Mariana-Northern-Slope
FDZ071-BuBu0-2,Mariana-Northern-Slope
FDZ071-BuBu12-14,Mariana-Northern-Slope
FDZ071-BuBu16-18,Mariana-Northern-Slope
FDZ071-BuBu18-20,Mariana-Northern-Slope
FDZ071-BuBu2-4,Mariana-Northern-Slope
FDZ071-BuBu6-8,Mariana-Northern-Slope
FDZ071-BUG0-2,Mariana-Northern-Slope
FDZ071-BUG2-4,Mariana-Northern-Slope
FDZ071-BUG26-28,Mariana-Northern-Slope
FDZ071-BUG28-30,Mariana-Northern-Slope
FDZ071-BUG4-6,Mariana-Northern-Slope
FDZ071-BUG6-8,Mariana-Northern-Slope
FDZ071-RRG0-2,Mariana-Northern-Slope
FDZ071-RRG10-12,Mariana-Northern-Slope
FDZ071-RRG12-14,Mariana-Northern-Slope
FDZ071-RRG14-16,Mariana-Northern-Slope
FDZ071-RRG16-18,Mariana-Northern-Slope
FDZ071-RRG2-4,Mariana-Northern-Slope
FDZ071-RRG20-22,Mariana-Northern-Slope
FDZ071-RRG22-24,Mariana-Northern-Slope
FDZ071-RRG26-28,Mariana-Northern-Slope
FDZ071-RRG28-30,Mariana-Northern-Slope
FDZ071-RRG30-32,Mariana-Northern-Slope
FDZ071-RRG32-34,Mariana-Northern-Slope
FDZ071-RRG34-36,Mariana-Northern-Slope
FDZ071-RRG6-8,Mariana-Northern-Slope
FDZ071-RRG8-10,Mariana-Northern-Slope
FDZ071-RRR0-2,Mariana-Northern-Slope
FDZ071-RRR10-12,Mariana-Northern-Slope
FDZ071-RRR14-16,Mariana-Northern-Slope
FDZ071-RRR16-18,Mariana-Northern-Slope
FDZ071-RRR18-20,Mariana-Northern-Slope
FDZ071-RRR2-4,Mariana-Northern-Slope
FDZ071-RRR22-24,Mariana-Northern-Slope
FDZ071-RRR24-26,Mariana-Northern-Slope
FDZ071-RRR4-6,Mariana-Northern-Slope
FDZ071-RRR6-8,Mariana-Northern-Slope
FDZ071-RRR8-10,Mariana-Northern-Slope
FDZ071-RWG0-2,Mariana-Northern-Slope
FDZ071-RWG10-12,Mariana-Northern-Slope
FDZ071-RWG12-14,Mariana-Northern-Slope
FDZ071-RWG14-16,Mariana-Northern-Slope
FDZ071-RWG2-4,Mariana-Northern-Slope
FDZ071-RWG4-6,Mariana-Northern-Slope
FDZ071-RWG6-8,Mariana-Northern-Slope
FDZ071-RWG8-10,Mariana-Northern-Slope
FDZ071-WGBa0-2,Mariana-Northern-Slope
FDZ071-WGBa10-12,Mariana-Northern-Slope
FDZ071-WGBa12-14,Mariana-Northern-Slope
FDZ071-WGBa14-16,Mariana-Northern-Slope
FDZ071-WGBa16-18,Mariana-Northern-Slope
FDZ071-WGBa18-20,Mariana-Northern-Slope
FDZ071-WGBa2-4,Mariana-Northern-Slope
FDZ071-WGBa20-22,Mariana-Northern-Slope
FDZ071-WGBa24-26,Mariana-Northern-Slope
FDZ071-WGBa26-28,Mariana-Northern-Slope
FDZ071-WGBa28-30,Mariana-Northern-Slope
FDZ071-WGBa4-6,Mariana-Northern-Slope
FDZ071-WGBa6-8,Mariana-Northern-Slope
FDZ071-WGBa8-10,Mariana-Northern-Slope
FDZ071-WW0-2,Mariana-Northern-Slope
FDZ071-WW10-12,Mariana-Northern-Slope
FDZ071-WW12-14,Mariana-Northern-Slope
FDZ071-WW14-16,Mariana-Northern-Slope
FDZ071-WW16-18,Mariana-Northern-Slope
FDZ071-WW2-4,Mariana-Northern-Slope
FDZ071-WW26-28,Mariana-Northern-Slope
FDZ071-WW4-6,Mariana-Northern-Slope
FDZ071-WW6-8,Mariana-Northern-Slope
FDZ072-GBeBe10-12,Mariana-Southern-Slope
FDZ072-GBeBe12-14,Mariana-Southern-Slope
FDZ072-GBeBe18-20,Mariana-Southern-Slope
FDZ072-GBeBe4-6,Mariana-Southern-Slope
FDZ072-GBeBe6-8,Mariana-Southern-Slope
FDZ072-GBeBe8-10,Mariana-Southern-Slope
FDZ072-GRR0-2-26,Mariana-Southern-Slope
FDZ072-GRR0-2-30,Mariana-Southern-Slope
FDZ072-GRR10-12-26,Mariana-Southern-Slope
FDZ072-GRR10-12-30,Mariana-Southern-Slope
FDZ072-GRR12-14-26,Mariana-Southern-Slope
FDZ072-GRR12-14-30,Mariana-Southern-Slope
FDZ072-GRR14-16-30,Mariana-Southern-Slope
FDZ072-GRR16-18-30,Mariana-Southern-Slope
FDZ072-GRR18-20-26,Mariana-Southern-Slope
FDZ072-GRR18-20-30,Mariana-Southern-Slope
FDZ072-GRR2-4-26,Mariana-Southern-Slope
FDZ072-GRR2-4-30,Mariana-Southern-Slope
FDZ072-GRR22-24-30,Mariana-Southern-Slope
FDZ072-GRR24-26-26,Mariana-Southern-Slope
FDZ072-GRR26-28-30,Mariana-Southern-Slope
FDZ072-GRR4-6-26,Mariana-Southern-Slope
FDZ072-GRR4-6-30,Mariana-Southern-Slope
FDZ072-GRR6-8-26,Mariana-Southern-Slope
FDZ072-GRR6-8-30,Mariana-Southern-Slope
FDZ072-GRR8-10-30,Mariana-Southern-Slope
FDZ072-GRW0-2,Mariana-Southern-Slope
FDZ072-GRW10-12,Mariana-Southern-Slope
FDZ072-GRW12-14,Mariana-Southern-Slope
FDZ072-GRW14-16,Mariana-Southern-Slope
FDZ072-GRW16-18,Mariana-Southern-Slope
FDZ072-GRW18-20,Mariana-Southern-Slope
FDZ072-GRW2-4,Mariana-Southern-Slope
FDZ072-GRW20-22,Mariana-Southern-Slope
FDZ072-GRW22-24,Mariana-Southern-Slope
FDZ072-GRW24-26,Mariana-Southern-Slope
FDZ072-GRW26-28,Mariana-Southern-Slope
FDZ072-GRW28-30,Mariana-Southern-Slope
FDZ072-GRW30-32,Mariana-Southern-Slope
FDZ072-GRW32-34,Mariana-Southern-Slope
FDZ072-GRW4-6,Mariana-Southern-Slope
FDZ072-GRW6-8,Mariana-Southern-Slope
FDZ072-GRW8-10,Mariana-Southern-Slope
FDZ072-GWBk0-2,Mariana-Southern-Slope
FDZ072-GWBk16-18,Mariana-Southern-Slope
FDZ072-GWBk20-22,Mariana-Southern-Slope
FDZ072-GWBk24-26,Mariana-Southern-Slope
FDZ072-GWBk4-6,Mariana-Southern-Slope
FDZ072-GWBk6-8,Mariana-Southern-Slope
FDZ072-GWBk8-10,Mariana-Southern-Slope
FDZ072-RBkR12-14,Mariana-Southern-Slope
FDZ072-RBkR2-4,Mariana-Southern-Slope
FDZ072-RBkR4-6,Mariana-Southern-Slope
FDZ072-RBkR8-10,Mariana-Southern-Slope
FDZ072-RRR0-2,Mariana-Southern-Slope
FDZ072-RRR10-12,Mariana-Southern-Slope
FDZ072-RRR12-14,Mariana-Southern-Slope
FDZ072-RRR14-16,Mariana-Southern-Slope
FDZ072-RRR16-18,Mariana-Southern-Slope
FDZ072-RRR18-20,Mariana-Southern-Slope
FDZ072-RRR2-4,Mariana-Southern-Slope
FDZ072-RRR20-22,Mariana-Southern-Slope
FDZ072-RRR22-24,Mariana-Southern-Slope
FDZ072-RRR24-26,Mariana-Southern-Slope
FDZ072-RRR26-28,Mariana-Southern-Slope
FDZ072-RRR28-30,Mariana-Southern-Slope
FDZ072-RRR32-35,Mariana-Southern-Slope
FDZ072-RRR4-6,Mariana-Southern-Slope
FDZ072-RRR6-8,Mariana-Southern-Slope
FDZ072-RRR8-10,Mariana-Southern-Slope
FDZ072-RYBk0-2,Mariana-Southern-Slope
FDZ072-RYBk12-14,Mariana-Southern-Slope
FDZ072-RYBk2-4,Mariana-Southern-Slope
FDZ072-RYBk6-8,Mariana-Southern-Slope
FDZ072-RYG0-2,Mariana-Southern-Slope
FDZ072-RYG10-12,Mariana-Southern-Slope
FDZ072-RYG12-14,Mariana-Southern-Slope
FDZ072-RYG14-16,Mariana-Southern-Slope
FDZ072-RYG16-18,Mariana-Southern-Slope
FDZ072-RYG2-4,Mariana-Southern-Slope
FDZ072-RYG20-22,Mariana-Southern-Slope
FDZ072-RYG22-24,Mariana-Southern-Slope
FDZ072-RYG26-28,Mariana-Southern-Slope
FDZ072-RYG4-6,Mariana-Southern-Slope
FDZ072-RYG6-8,Mariana-Southern-Slope
FDZ072-RYG8-10,Mariana-Southern-Slope
FDZ072-WRR0-2,Mariana-Southern-Slope
FDZ072-WRR10-12,Mariana-Southern-Slope
FDZ072-WRR12-14,Mariana-Southern-Slope
FDZ072-WRR14-16,Mariana-Southern-Slope
FDZ072-WRR2-4,Mariana-Southern-Slope
FDZ072-WRR20-22,Mariana-Southern-Slope
FDZ072-WRR28-30,Mariana-Southern-Slope
FDZ072-WRR4-6,Mariana-Southern-Slope
FDZ072-WRR8-10,Mariana-Southern-Slope
FDZ072-Wu0-2,Mariana-Southern-Slope
FDZ072-Wu10-12,Mariana-Southern-Slope
FDZ072-Wu12-14,Mariana-Southern-Slope
FDZ072-Wu16-18,Mariana-Southern-Slope
FDZ072-Wu2-4,Mariana-Southern-Slope
FDZ072-Wu20-22,Mariana-Southern-Slope
FDZ072-Wu22-24,Mariana-Southern-Slope
FDZ072-Wu24-26,Mariana-Southern-Slope
FDZ072-Wu26-28,Mariana-Southern-Slope
FDZ072-Wu28-31,Mariana-Southern-Slope
FDZ072-Wu4-6,Mariana-Southern-Slope
FDZ072-Wu6-8,Mariana-Southern-Slope
FDZ072-Wu8-10,Mariana-Southern-Slope
FDZ072-WuGR0-2,Mariana-Southern-Slope
FDZ072-WuGR10-12,Mariana-Southern-Slope
FDZ072-WuGR12-14,Mariana-Southern-Slope
FDZ072-WuGR14-16,Mariana-Southern-Slope
FDZ072-WuGR16-18,Mariana-Southern-Slope
FDZ072-WuGR18-20,Mariana-Southern-Slope
FDZ072-WuGR2-4,Mariana-Southern-Slope
FDZ072-WuGR20-22,Mariana-Southern-Slope
FDZ072-WuGR22-24,Mariana-Southern-Slope
FDZ072-WuGR24-26,Mariana-Southern-Slope
FDZ072-WuGR4-6,Mariana-Southern-Slope
FDZ072-WuGR6-8,Mariana-Southern-Slope
FDZ072-WuGR8-10,Mariana-Southern-Slope
FDZ072-WuRW0-2,Mariana-Southern-Slope
FDZ072-WuRW2-4,Mariana-Southern-Slope
FDZ072-WuRW8-10,Mariana-Southern-Slope
FDZ072-WuWW0-2,Mariana-Southern-Slope
FDZ072-WuWW10-12,Mariana-Southern-Slope
FDZ072-WuWW12-14,Mariana-Southern-Slope
FDZ072-WuWW14-16,Mariana-Southern-Slope
FDZ072-WuWW16-18,Mariana-Southern-Slope
FDZ072-WuWW18-20,Mariana-Southern-Slope
FDZ072-WuWW2-4,Mariana-Southern-Slope
FDZ072-WuWW4-6,Mariana-Southern-Slope
FDZ072-WuWW8-10,Mariana-Southern-Slope
FDZ072-WuWY0-2,Mariana-Southern-Slope
FDZ072-WuWY10-12,Mariana-Southern-Slope
FDZ072-WuWY12-14,Mariana-Southern-Slope
FDZ072-WuWY14-16,Mariana-Southern-Slope
FDZ072-WuWY16-18,Mariana-Southern-Slope
FDZ072-WuWY18-20,Mariana-Southern-Slope
FDZ072-WuWY2-4,Mariana-Southern-Slope
FDZ072-WuWY20-22,Mariana-Southern-Slope
FDZ072-WuWY22-24,Mariana-Southern-Slope
FDZ072-WuWY24-26,Mariana-Southern-Slope
FDZ072-WuWY26-28,Mariana-Southern-Slope
FDZ072-WuWY28-30,Mariana-Southern-Slope
FDZ072-WuWY4-6,Mariana-Southern-Slope
FDZ072-WuWY6-8,Mariana-Southern-Slope
FDZ072-WuWY8-10,Mariana-Southern-Slope
FDZ074-GRR0-2,Mariana-Southern-Slope
FDZ074-GRR10-12,Mariana-Southern-Slope
FDZ074-GRR16-18,Mariana-Southern-Slope
FDZ074-GRR18-20,Mariana-Southern-Slope
FDZ074-GRR2-4,Mariana-Southern-Slope
FDZ074-GRR20-22,Mariana-Southern-Slope
FDZ074-GRR22-24,Mariana-Southern-Slope
FDZ074-GRR24-27,Mariana-Southern-Slope
FDZ074-GRR4-6,Mariana-Southern-Slope
FDZ074-GRR6-8,Mariana-Southern-Slope
FDZ074-GRR8-10,Mariana-Southern-Slope
FDZ074-GRW0-2,Mariana-Southern-Slope
FDZ074-GRW10-12,Mariana-Southern-Slope
FDZ074-GRW12-14,Mariana-Southern-Slope
FDZ074-GRW14-16,Mariana-Southern-Slope
FDZ074-GRW2-4,Mariana-Southern-Slope
FDZ074-GRW22-24,Mariana-Southern-Slope
FDZ074-GRW24-26,Mariana-Southern-Slope
FDZ074-GRW4-6,Mariana-Southern-Slope
FDZ074-GRW6-8,Mariana-Southern-Slope
FDZ074-WRR0-2,Mariana-Southern-Slope
FDZ074-WRR10-12,Mariana-Southern-Slope
FDZ074-WRR12-14,Mariana-Southern-Slope
FDZ074-WRR18-21,Mariana-Southern-Slope
FDZ074-WRR2-4,Mariana-Southern-Slope
FDZ074-WRR4-6,Mariana-Southern-Slope
FDZ074-WRR6-8,Mariana-Southern-Slope
FDZ074-WuRG0-2,Mariana-Southern-Slope
FDZ074-WuRG10-12,Mariana-Southern-Slope
FDZ074-WuRG12-14,Mariana-Southern-Slope
FDZ074-WuRG14-16,Mariana-Southern-Slope
FDZ074-WuRG16-18,Mariana-Southern-Slope
FDZ074-WuRG18-20,Mariana-Southern-Slope
FDZ074-WuRG2-4,Mariana-Southern-Slope
FDZ074-WuRG20-22,Mariana-Southern-Slope
FDZ074-WuRG22-24,Mariana-Southern-Slope
FDZ074-WuRG24-26,Mariana-Southern-Slope
FDZ074-WuRG26-28,Mariana-Southern-Slope
FDZ074-WuRG28-30,Mariana-Southern-Slope
FDZ074-WuRG30-32,Mariana-Southern-Slope
FDZ074-WuRG32-35,Mariana-Southern-Slope
FDZ074-WuRG4-6,Mariana-Southern-Slope
FDZ074-WuRG6-8,Mariana-Southern-Slope
FDZ074-WuRG8-10,Mariana-Southern-Slope
FDZ074-WuWW0-2,Mariana-Southern-Slope
FDZ074-WuWW10-12,Mariana-Southern-Slope
FDZ074-WuWW12-14,Mariana-Southern-Slope
FDZ074-WuWW14-16,Mariana-Southern-Slope
FDZ074-WuWW16-18,Mariana-Southern-Slope
FDZ074-WuWW18-20,Mariana-Southern-Slope
FDZ074-WuWW2-4,Mariana-Southern-Slope
FDZ074-WuWW20-22,Mariana-Southern-Slope
FDZ074-WuWW22-24,Mariana-Southern-Slope
FDZ074-WuWW24-26,Mariana-Southern-Slope
FDZ074-WuWW26-28,Mariana-Southern-Slope
FDZ074-WuWW28-30,Mariana-Southern-Slope
FDZ074-WuWW30-32,Mariana-Southern-Slope
FDZ074-WuWW32-34,Mariana-Southern-Slope
FDZ074-WuWW34-35,Mariana-Southern-Slope
FDZ074-WuWW4-6,Mariana-Southern-Slope
FDZ074-WuWW6-8,Mariana-Southern-Slope
FDZ074-WuWW8-10,Mariana-Southern-Slope
FDZ074-WuYW0-2,Mariana-Southern-Slope
FDZ074-WuYW10-12,Mariana-Southern-Slope
FDZ074-WuYW12-14,Mariana-Southern-Slope
FDZ074-WuYW14-16,Mariana-Southern-Slope
FDZ074-WuYW16-18,Mariana-Southern-Slope
FDZ074-WuYW18-20,Mariana-Southern-Slope
FDZ074-WuYW2-4,Mariana-Southern-Slope
FDZ074-WuYW20-22,Mariana-Southern-Slope
FDZ074-WuYW22-24,Mariana-Southern-Slope
FDZ074-WuYW24-26,Mariana-Southern-Slope
FDZ074-WuYW4-6,Mariana-Southern-Slope
FDZ074-WuYW6-8,Mariana-Southern-Slope
FDZ074-WuYW8-10,Mariana-Southern-Slope
FDZ076-BkWG0-2,Mariana-Northern-Slope
FDZ076-BkWG10-12,Mariana-Northern-Slope
FDZ076-BkWG12-14,Mariana-Northern-Slope
FDZ076-BkWG14-16,Mariana-Northern-Slope
FDZ076-BkWG16-18,Mariana-Northern-Slope
FDZ076-BkWG18-20,Mariana-Northern-Slope
FDZ076-BkWG2-4,Mariana-Northern-Slope
FDZ076-BkWG20-22,Mariana-Northern-Slope
FDZ076-BkWG22-24,Mariana-Northern-Slope
FDZ076-BkWG24-26,Mariana-Northern-Slope
FDZ076-BkWG26-28,Mariana-Northern-Slope
FDZ076-BkWG30-32,Mariana-Northern-Slope
FDZ076-BkWG32-34,Mariana-Northern-Slope
FDZ076-BkWG34-36,Mariana-Northern-Slope
FDZ076-BkWG4-6,Mariana-Northern-Slope
FDZ076-BkWG6-8,Mariana-Northern-Slope
FDZ076-GGR0-2,Mariana-Northern-Slope
FDZ076-GGR10-12,Mariana-Northern-Slope
FDZ076-GGR12-14,Mariana-Northern-Slope
FDZ076-GGR14-16,Mariana-Northern-Slope
FDZ076-GGR16-18,Mariana-Northern-Slope
FDZ076-GGR2-4,Mariana-Northern-Slope
FDZ076-GGR4-6,Mariana-Northern-Slope
FDZ076-GGR6-8,Mariana-Northern-Slope
FDZ076-GGR8-10,Mariana-Northern-Slope
FDZ076-RBkR0-2,Mariana-Northern-Slope
FDZ076-RBkR12-14,Mariana-Northern-Slope
FDZ076-RBkR14-16,Mariana-Northern-Slope
FDZ076-RBkR16-18,Mariana-Northern-Slope
FDZ076-RBkR18-20,Mariana-Northern-Slope
FDZ076-RBkR2-4,Mariana-Northern-Slope
FDZ076-RBkR30-32,Mariana-Northern-Slope
FDZ076-RBkR4-6,Mariana-Northern-Slope
FDZ076-RBkR6-8,Mariana-Northern-Slope
FDZ076-RGWu0-2,Mariana-Northern-Slope
FDZ076-RGWu10-12,Mariana-Northern-Slope
FDZ076-RGWu12-14,Mariana-Northern-Slope
FDZ076-RGWu14-16,Mariana-Northern-Slope
FDZ076-RGWu16-18,Mariana-Northern-Slope
FDZ076-RGWu18-20,Mariana-Northern-Slope
FDZ076-RGWu2-4,Mariana-Northern-Slope
FDZ076-RGWu20-22,Mariana-Northern-Slope
FDZ076-RGWu22-24,Mariana-Northern-Slope
FDZ076-RGWu24-26,Mariana-Northern-Slope
FDZ076-RGWu26-28,Mariana-Northern-Slope
FDZ076-RGWu28-30,Mariana-Northern-Slope
FDZ076-RGWu30-32,Mariana-Northern-Slope
FDZ076-RGWu4-6,Mariana-Northern-Slope
FDZ076-RGWu6-8,Mariana-Northern-Slope
FDZ076-RGWu8-10,Mariana-Northern-Slope
FDZ076-RRW0-2,Mariana-Northern-Slope
FDZ076-RRW12-14,Mariana-Northern-Slope
FDZ076-RRW14-16,Mariana-Northern-Slope
FDZ076-RRW16-18,Mariana-Northern-Slope
FDZ076-RRW2-4,Mariana-Northern-Slope
FDZ076-RRW20-22,Mariana-Northern-Slope
FDZ076-RRW26-28,Mariana-Northern-Slope
FDZ076-RRW30-32,Mariana-Northern-Slope
FDZ076-RRW4-6,Mariana-Northern-Slope
FDZ076-WRG0-2,Mariana-Northern-Slope
FDZ076-WRG10-12,Mariana-Northern-Slope
FDZ076-WRG12-14,Mariana-Northern-Slope
FDZ076-WRG14-16,Mariana-Northern-Slope
FDZ076-WRG16-18,Mariana-Northern-Slope
FDZ076-WRG18-20,Mariana-Northern-Slope
FDZ076-WRG2-4,Mariana-Northern-Slope
FDZ076-WRG20-22,Mariana-Northern-Slope
FDZ076-WRG4-6,Mariana-Northern-Slope
FDZ076-WRG6-8,Mariana-Northern-Slope
FDZ076-WRG8-10,Mariana-Northern-Slope
FDZ076-WWWu0-2,Mariana-Northern-Slope
FDZ076-WWWu14-16,Mariana-Northern-Slope
FDZ076-WWWu18-20,Mariana-Northern-Slope
FDZ076-WWWu2-4,Mariana-Northern-Slope
FDZ076-WWWu20-22,Mariana-Northern-Slope
FDZ076-WWWu22-24,Mariana-Northern-Slope
FDZ076-WWWu24-26,Mariana-Northern-Slope
FDZ076-WWWu4-6,Mariana-Northern-Slope
FDZ076-WWWu8-10,Mariana-Northern-Slope
FDZ076-Wu0-2,Mariana-Northern-Slope
FDZ076-Wu10-12,Mariana-Northern-Slope
FDZ076-Wu14-16,Mariana-Northern-Slope
FDZ076-Wu2-4,Mariana-Northern-Slope
FDZ076-Wu4-6,Mariana-Northern-Slope
FDZ076-Wu6-8,Mariana-Northern-Slope
FDZ076-Wu8-10,Mariana-Northern-Slope
FDZ076-YW-A0-2,Mariana-Northern-Slope
FDZ076-YW-A10-12,Mariana-Northern-Slope
FDZ076-YW-A12-14,Mariana-Northern-Slope
FDZ076-YW-A14-16,Mariana-Northern-Slope
FDZ076-YW-A16-18,Mariana-Northern-Slope
FDZ076-YW-A18-20,Mariana-Northern-Slope
FDZ076-YW-A2-4,Mariana-Northern-Slope
FDZ076-YW-A20-22,Mariana-Northern-Slope
FDZ076-YW-A4-6,Mariana-Northern-Slope
FDZ076-YW-A6-8,Mariana-Northern-Slope
FDZ076-YW-A8-10,Mariana-Northern-Slope
FDZ076-YW-C0-2,Mariana-Northern-Slope
FDZ076-YW-C10-12,Mariana-Northern-Slope
FDZ076-YW-C12-14,Mariana-Northern-Slope
FDZ076-YW-C18-20,Mariana-Northern-Slope
FDZ076-YW-C2-4,Mariana-Northern-Slope
FDZ076-YW-C4-6,Mariana-Northern-Slope
FDZ076-YW-C6-8,Mariana-Northern-Slope
FDZ076-YW-C8-10,Mariana-Northern-Slope
FDZ076-YWWu0-2,Mariana-Northern-Slope
FDZ076-YWWu10-12,Mariana-Northern-Slope
FDZ076-YWWu18-20,Mariana-Northern-Slope
FDZ076-YWWu20-22,Mariana-Northern-Slope
FDZ076-YWWu30-32,Mariana-Northern-Slope
FDZ076-YWWu4-6,Mariana-Northern-Slope
FDZ076-YWWu6-8,Mariana-Northern-Slope
FDZ076-YWWu8-10,Mariana-Northern-Slope
FDZ077-WuWW0-2,Mariana-Central-Axis
FDZ077-WuWW10-12,Mariana-Central-Axis
FDZ077-WuWW14-16,Mariana-Central-Axis
FDZ077-WuWW16-18,Mariana-Central-Axis
FDZ077-WuWW18-20,Mariana-Central-Axis
FDZ077-WuWW2-4,Mariana-Central-Axis
FDZ077-WuWW26-28,Mariana-Central-Axis
FDZ077-WuWW4-6,Mariana-Central-Axis
FDZ077-WuWW6-8,Mariana-Central-Axis
FDZ077-WuWW8-10,Mariana-Central-Axis
FDZ077-WuYW0-2,Mariana-Central-Axis
FDZ077-WuYW10-12,Mariana-Central-Axis
FDZ077-WuYW12-14,Mariana-Central-Axis
FDZ077-WuYW14-16,Mariana-Central-Axis
FDZ077-WuYW16-18,Mariana-Central-Axis
FDZ077-WuYW2-4,Mariana-Central-Axis
FDZ077-WuYW4-6,Mariana-Central-Axis
FDZ077-WuYW6-8,Mariana-Central-Axis
FDZ077-WuYW8-10,Mariana-Central-Axis
